{
  "variants": {
    "facing=up,powered=false":    { "model": "bblsom:button_black", "uvlock": true },
    "facing=down,powered=false":  { "model": "bblsom:button_black", "uvlock": true, "x": 180 },
    "facing=east,powered=false":  { "model": "bblsom:button_black", "uvlock": true, "x": 90, "y": 90 },
    "facing=west,powered=false":  { "model": "bblsom:button_black", "uvlock": true, "x": 90, "y": 270 },
    "facing=south,powered=false": { "model": "bblsom:button_black", "uvlock": true, "x": 90, "y": 180 },
    "facing=north,powered=false": { "model": "bblsom:button_black", "uvlock": true, "x": 90 },
    "facing=up,powered=true":     { "model": "bblsom:button_black_pressed", "uvlock": true },
    "facing=down,powered=true":   { "model": "bblsom:button_black_pressed", "uvlock": true, "x": 180 },
    "facing=east,powered=true":   { "model": "bblsom:button_black_pressed", "uvlock": true, "x": 90, "y": 90 },
    "facing=west,powered=true":   { "model": "bblsom:button_black_pressed", "uvlock": true, "x": 90, "y": 270 },
    "facing=south,powered=true":  { "model": "bblsom:button_black_pressed", "uvlock": true, "x": 90, "y": 180 },
    "facing=north,powered=true":  { "model": "bblsom:button_black_pressed", "uvlock": true, "x": 90 }
  }
}