{
  "variants": {
    "moisture=0": { "model": "bblsom:farmland_black_dry" },
    "moisture=1": { "model": "bblsom:farmland_black_dry" },
    "moisture=2": { "model": "bblsom:farmland_black_dry" },
    "moisture=3": { "model": "bblsom:farmland_black_dry" },
    "moisture=4": { "model": "bblsom:farmland_black_dry" },
    "moisture=5": { "model": "bblsom:farmland_black_dry" },
    "moisture=6": { "model": "bblsom:farmland_black_dry" },
    "moisture=7": { "model": "bblsom:farmland_black_moist" }
  }
}