{
  "variants": {
    "facing=down_z,powered=false": { "model": "bblsom:lever_black_off", "x": 180, "y": 180 },
    "facing=down_x,powered=false": { "model": "bblsom:lever_black_off", "x": 180, "y": 90 },
    "facing=up_z,powered=false": { "model": "bblsom:lever_black_off" },
    "facing=up_x,powered=false": { "model": "bblsom:lever_black_off", "y": 270 },
    "facing=east,powered=false": { "model": "bblsom:lever_black_off", "x": 90, "y": 90 },
    "facing=west,powered=false": { "model": "bblsom:lever_black_off", "x": 90, "y": 270 },
    "facing=south,powered=false" : { "model": "bblsom:lever_black_off", "x": 90, "y": 180 },
    "facing=north,powered=false" : { "model": "bblsom:lever_black_off", "x": 90 },
    "facing=down_z,powered=true" : { "model": "bblsom:lever_black", "x": 180, "y": 180 },
    "facing=down_x,powered=true" : { "model": "bblsom:lever_black", "x": 180, "y": 90 },
    "facing=up_z,powered=true": { "model": "bblsom:lever_black" },
    "facing=up_x,powered=true": { "model": "bblsom:lever_black", "y": 270 },
    "facing=east,powered=true": { "model": "bblsom:lever_black", "x": 90, "y": 90 },
    "facing=west,powered=true": { "model": "bblsom:lever_black", "x": 90, "y": 270 },
    "facing=south,powered=true": { "model": "bblsom:lever_black", "x": 90, "y": 180 },
    "facing=north,powered=true": { "model": "bblsom:lever_black", "x": 90 }
  }
}