{
  "variants": {
    "facing=north,half=bottom,open=false": { "model": "bblsom:trapdoor_black_bottom" },
    "facing=south,half=bottom,open=false": { "model": "bblsom:trapdoor_black_bottom" },
    "facing=east,half=bottom,open=false": { "model": "bblsom:trapdoor_black_bottom" },
    "facing=west,half=bottom,open=false": { "model": "bblsom:trapdoor_black_bottom" },
    "facing=north,half=top,open=false": { "model": "bblsom:trapdoor_black_top" },
    "facing=south,half=top,open=false": { "model": "bblsom:trapdoor_black_top" },
    "facing=east,half=top,open=false": { "model": "bblsom:trapdoor_black_top" },
    "facing=west,half=top,open=false": { "model": "bblsom:trapdoor_black_top" },
    "facing=north,half=bottom,open=true": { "model": "bblsom:trapdoor_black_open" },
    "facing=south,half=bottom,open=true": { "model": "bblsom:trapdoor_black_open", "y": 180 },
    "facing=east,half=bottom,open=true": { "model": "bblsom:trapdoor_black_open", "y": 90 },
    "facing=west,half=bottom,open=true": { "model": "bblsom:trapdoor_black_open", "y": 270 },
    "facing=north,half=top,open=true": { "model": "bblsom:trapdoor_black_open" },
    "facing=south,half=top,open=true": { "model": "bblsom:trapdoor_black_open", "y": 180 },
    "facing=east,half=top,open=true": { "model": "bblsom:trapdoor_black_open", "y": 90 },
    "facing=west,half=top,open=true": { "model": "bblsom:trapdoor_black_open", "y": 270 }
  }
}